Ref,Val,Package,PosX,PosY,Rot,Side
"C1","100p 50V","C_0603_1608Metric",131.000000,-101.500000,0.000000,top
"C2","2.2u 50V","C_1206_3216Metric",133.800000,-98.400000,90.000000,top
"C3","470n 25V","C_0603_1608Metric",131.400000,-103.200000,0.000000,top
"C4","2.2u 10V","C_0603_1608Metric",121.400000,-108.600000,0.000000,top
"C5","100n 25V","C_0603_1608Metric",120.400000,-98.000000,90.000000,top
"C6","100n 25V","C_0603_1608Metric",123.000000,-98.000000,90.000000,top
"C7","100n 25V","C_0603_1608Metric",125.600000,-98.000000,90.000000,top
"C8","100n 25V","C_0603_1608Metric",128.200000,-98.000000,90.000000,top
"C9","100n","C_0603_1608Metric",122.400000,-104.100000,-90.000000,top
"C10","100p","C_0603_1608Metric",120.600000,-104.100000,-90.000000,top
"C11","10n","C_0603_1608Metric",130.200000,-110.600000,90.000000,top
"C12","100n 50V","C_0805_2012Metric",148.500000,-84.300000,90.000000,top
"C13","100n 50V","C_0805_2012Metric",148.500000,-88.000000,90.000000,top
"C14","100n 50V","C_0603_1608Metric",155.600000,-89.600000,90.000000,top
"C15","1n","C_0603_1608Metric",160.200000,-84.400000,90.000000,top
"C16","330n 50V","C_0805_2012Metric",168.400000,-89.400000,90.000000,top
"C17","4.7u 25V","C_0805_2012Metric",165.000000,-89.600000,90.000000,top
"C18","10n","C_0603_1608Metric",155.400000,-97.000000,90.000000,top
"C19","680n 16V","C_0603_1608Metric",169.800000,-97.000000,90.000000,top
"C20","10n","C_0603_1608Metric",165.000000,-97.000000,90.000000,top
"C21","1000u 25V","CP_Radial_D10.0mm_P5.00mm",181.000000,-75.000000,0.000000,top
"C22","10u 25V","C_1206_3216Metric",176.600000,-86.200000,-90.000000,top
"C23","100n","C_0603_1608Metric",183.100000,-89.000000,90.000000,top
"D1","PMEG4002EJ","D_SOD-323F",131.600000,-94.400000,-90.000000,top
"D2","BAT54C","SOT-23",120.000000,-116.000000,0.000000,top
"D3","16V","D_SOD-123",135.000000,-86.600000,180.000000,top
"D4","1N4148W","D_SOD-123",132.600000,-73.400000,0.000000,top
"D5","16V","D_SOD-123",144.600000,-73.400000,180.000000,top
"D6","16V","D_SOD-123",143.800000,-70.000000,180.000000,top
"D7","1N4148W","D_SOD-123",131.800000,-70.000000,0.000000,top
"D8","SMBJ15A","D_SMB",152.400000,-85.900000,-90.000000,top
"D9","SMBJ15A","D_SMB",173.000000,-86.600000,-90.000000,top
"F1","15A","Fuseholder_Blade_Mini_Keystone_3568",122.200000,-77.300000,0.000000,top
"F2","3A","Fuseholder_Blade_Mini_Keystone_3568",153.000000,-62.500000,0.000000,top
"J1","XT60 pack","AMASS_XT60PW-M_1x02_P7.20mm_Horizontal_EdgeMount",116.100000,-86.200000,90.000000,top
"J2","Balance 3S","JST_XH_B4B-XH-A_1x04_P2.50mm_Vertical",122.000000,-88.000000,0.000000,top
"J3","LOGIC OUT","JST_XH_B2B-XH-A_1x02_P2.50mm_Vertical",169.500000,-63.400000,0.000000,top
"J4","Servo R leg","Molex_SPOX_5267-03A_1x03_P2.50mm_Vertical",188.500000,-87.000000,0.000000,top
"J5","Servo R upper","Molex_SPOX_5267-03A_1x03_P2.50mm_Vertical",188.500000,-93.400000,0.000000,top
"J6","Servo L leg","Molex_SPOX_5267-03A_1x03_P2.50mm_Vertical",188.500000,-99.800000,0.000000,top
"J7","Servo L upper","Molex_SPOX_5267-03A_1x03_P2.50mm_Vertical",188.500000,-106.200000,0.000000,top
"J8","Data from H5","Molex_SPOX_5267-03A_1x03_P2.50mm_Vertical",188.500000,-112.600000,0.000000,top
"J9","I2C (to P1)","JST_PH_B4B-PH-K_1x04_P2.00mm_Vertical",126.000000,-120.500000,0.000000,top
"J10","POWER button","JST_PH_B2B-PH-K_1x02_P2.00mm_Vertical",118.000000,-120.500000,0.000000,top
"J11","E-STOP button","JST_PH_B4B-PH-K_1x04_P2.00mm_Vertical",158.000000,-120.500000,0.000000,top
"J12","Control (ESP32)","JST_PH_B8B-PH-K_1x08_P2.00mm_Vertical",138.000000,-120.500000,0.000000,top
"Q1","CSD17556Q5B","TI_SON-8_5x6mm_P1.27mm_CSD17556Q5B",139.350000,-79.000000,0.000000,top
"Q2","CSD17556Q5B","TI_SON-8_5x6mm_P1.27mm_CSD17556Q5B",146.950000,-79.000000,180.000000,top
"Q3","CSD17556Q5B","TI_SON-8_5x6mm_P1.27mm_CSD17556Q5B",166.800000,-79.000000,180.000000,top
"Q4","2N7002","SOT-23",148.600000,-70.000000,0.000000,top
"Q5","MMBT3904","SOT-23",166.600000,-84.200000,0.000000,top
"R1","1m","R_2512_6332Metric",114.000000,-95.500000,-90.000000,top
"R2","100","R_0603_1608Metric",131.000000,-98.000000,90.000000,top
"R3","20","R_0603_1608Metric",120.400000,-94.400000,90.000000,top
"R4","20","R_0603_1608Metric",123.000000,-94.400000,90.000000,top
"R5","20","R_0603_1608Metric",125.600000,-94.400000,90.000000,top
"R6","20","R_0603_1608Metric",128.200000,-94.400000,90.000000,top
"R7","100","R_0603_1608Metric",119.000000,-101.600000,0.000000,top
"R8","100","R_0603_1608Metric",119.000000,-106.600000,0.000000,top
"R9","10k","R_0603_1608Metric",121.600000,-112.400000,0.000000,top
"R10","10k","R_0603_1608Metric",123.600000,-116.000000,90.000000,top
"R11","10k","R_0603_1608Metric",128.400000,-110.600000,90.000000,top
"R12","1k","R_0603_1608Metric",132.000000,-110.600000,90.000000,top
"R13","100","R_0603_1608Metric",124.600000,-110.600000,90.000000,top
"R14","100","R_0603_1608Metric",126.400000,-110.600000,90.000000,top
"R15","10k","R_0603_1608Metric",133.000000,-105.400000,0.000000,top
"R16","10k","R_0603_1608Metric",133.000000,-107.200000,0.000000,top
"R17","5.1k","R_0603_1608Metric",139.300000,-84.000000,0.000000,top
"R18","10M","R_0603_1608Metric",134.600000,-84.000000,180.000000,top
"R19","10k","R_0603_1608Metric",140.400000,-73.400000,0.000000,top
"R20","4.7k","R_0603_1608Metric",137.000000,-73.400000,0.000000,top
"R21","10M","R_0603_1608Metric",149.200000,-73.400000,0.000000,top
"R22","10M","R_0603_1608Metric",139.600000,-70.000000,0.000000,top
"R23","10k","R_0603_1608Metric",136.200000,-70.000000,0.000000,top
"R24","2m","R_2512_6332Metric",159.000000,-79.000000,0.000000,top
"R25","100","R_0603_1608Metric",156.600000,-84.400000,-90.000000,top
"R26","4.64k","R_0603_1608Metric",158.400000,-84.400000,-90.000000,top
"R27","100k","R_0603_1608Metric",162.000000,-84.400000,90.000000,top
"R28","10","R_0603_1608Metric",163.800000,-84.400000,90.000000,top
"R29","1k","R_0603_1608Metric",150.000000,-91.400000,0.000000,top
"R30","560k","R_0603_1608Metric",153.000000,-101.500000,90.000000,top
"R31","100k","R_0603_1608Metric",153.000000,-97.000000,90.000000,top
"R32","1k","R_0603_1608Metric",157.800000,-101.500000,90.000000,top
"R33","100k","R_0603_1608Metric",157.800000,-97.000000,90.000000,top
"R34","30.1k","R_0603_1608Metric",167.400000,-97.000000,90.000000,top
"R35","100k","R_0603_1608Metric",172.200000,-97.000000,90.000000,top
"R36","9.1k","R_0603_1608Metric",162.600000,-97.000000,90.000000,top
"R37","10k","R_0603_1608Metric",160.200000,-97.000000,90.000000,top
"R38","47k","R_0603_1608Metric",179.500000,-89.000000,-90.000000,top
"R39","10k","R_0603_1608Metric",181.300000,-89.000000,90.000000,top
"R40","10k","R_0603_1608Metric",155.400000,-101.500000,90.000000,top
"RT1","10k NTC","R_0603_1608Metric",143.600000,-84.000000,0.000000,top
"U1","BQ76922","Texas_RSN_WQFN-32-1EP_4x4mm_P0.4mm_EP2.8x2.8mm_ThermalVias",126.500000,-104.500000,-90.000000,top
"U2","TPS48111-Q1","TI_DGX0019A_VSSOP-19",160.000000,-91.000000,90.000000,top
