"Refs","Value","Footprint","MPN","Datasheet","Qty"
"C1","100p 50V","Capacitor_SMD:C_0603_1608Metric","Yageo CC0603JRNPO9BN101","https://yageogroup.com/download/specsheet/CC0603JRNPO9BN101","1"
"C2","2.2u 50V","Capacitor_SMD:C_1206_3216Metric","KEMET C1206C225K5RACTU","https://content.kemet.com/datasheets/KEM_C1002_X7R_SMD.pdf","1"
"C3","470n 25V","Capacitor_SMD:C_0603_1608Metric","Yageo CC0603KRX7R8BB474","https://yageogroup.com/content/datasheet/asset/file/UPY-GPHC_X7R_6_3V-TO-250V","1"
"C4","2.2u 10V","Capacitor_SMD:C_0603_1608Metric","Yageo CC0603KRX7R6BB225","https://yageogroup.com/content/datasheet/asset/file/UPY-GPHC_X7R_6_3V-TO-250V","1"
"C5-C8","100n 25V","Capacitor_SMD:C_0603_1608Metric","Yageo CC0603KRX7R9BB104","https://yageogroup.com/content/datasheet/asset/file/UPY-GPHC_X7R_6_3V-TO-250V","4"
"C9,C23","100n","Capacitor_SMD:C_0603_1608Metric","Yageo CC0603KRX7R9BB104","https://yageogroup.com/content/datasheet/asset/file/UPY-GPHC_X7R_6_3V-TO-250V","2"
"C10","100p","Capacitor_SMD:C_0603_1608Metric","Yageo CC0603JRNPO9BN101","https://yageogroup.com/download/specsheet/CC0603JRNPO9BN101","1"
"C11,C18,C20","10n","Capacitor_SMD:C_0603_1608Metric","Yageo CC0603KRX7R9BB103","https://yageogroup.com/content/datasheet/asset/file/UPY-GPHC_X7R_6_3V-TO-250V","3"
"C12,C13","100n 50V","Capacitor_SMD:C_0805_2012Metric","Yageo CC0805KRX7R9BB104","https://yageogroup.com/content/datasheet/asset/file/UPY-GPHC_X7R_6_3V-TO-250V","2"
"C14","100n 50V","Capacitor_SMD:C_0603_1608Metric","Yageo CC0603KRX7R9BB104","https://yageogroup.com/content/datasheet/asset/file/UPY-GPHC_X7R_6_3V-TO-250V","1"
"C15","1n","Capacitor_SMD:C_0603_1608Metric","Yageo CC0603JRNPO9BN102","https://yageogroup.com/download/specsheet/CC0603JRNPO9BN101","1"
"C16","330n 50V","Capacitor_SMD:C_0805_2012Metric","Samsung CL21B334KBFNNNE","https://product.samsungsem.com/mlcc/CL21B334KBFNNN.do","1"
"C17","4.7u 25V","Capacitor_SMD:C_0805_2012Metric","Samsung CL21B475KAFNNNE","https://product.samsungsem.com/mlcc/CL21B334KBFNNN.do","1"
"C19","680n 16V","Capacitor_SMD:C_0603_1608Metric","Yageo CC0603KRX7R7BB684","https://yageogroup.com/content/datasheet/asset/file/UPY-GPHC_X7R_6_3V-TO-250V","1"
"C21","1000u 25V","Capacitor_THT:CP_Radial_D10.0mm_P5.00mm","Panasonic EEU-FR1E102","https://industrial.panasonic.com/cdbs/www-data/pdf/RDF0000/ABA0000C1259.pdf","1"
"C22","10u 25V","Capacitor_SMD:C_1206_3216Metric","Samsung CL31B106KLHNNNE","https://mm.digikey.com/Volume0/opasdata/d220001/medias/docus/8439/SpecSheet_CL31B106KLHNNN_20251215.pdf","1"
"D1","PMEG4002EJ","Diode_SMD:D_SOD-323F","Nexperia PMEG4002EJ-QX","https://assets.nexperia.com/documents/data-sheet/PMEG4002EJ-Q.pdf","1"
"D2","BAT54C","Package_TO_SOT_SMD:SOT-23","Diotec BAT54C","https://diotec.com/request/datasheet/bat54.pdf","1"
"D3,D5,D6","16V","Diode_SMD:D_SOD-123","Diodes MMSZ5246B-7-F","https://www.diodes.com/assets/Datasheets/ds18010.pdf","3"
"D4,D7","1N4148W","Diode_SMD:D_SOD-123","Diodes 1N4148W-7-F","https://www.diodes.com/assets/Datasheets/BAV16W_1N4148W.pdf","2"
"D8,D9","SMBJ15A","Diode_SMD:D_SMB","Bourns SMBJ15A","https://www.bourns.com/docs/Product-Datasheets/SMBJ.pdf","2"
"F1","15A","Fuse:Fuseholder_Blade_Mini_Keystone_3568","Keystone 3568 + Littelfuse 0297015.WXNV","https://www.keyelco.com/userAssets/file/K75p48.pdf","1"
"F2","3A","Fuse:Fuseholder_Blade_Mini_Keystone_3568","Keystone 3568 + Littelfuse 0297003.WXNV","https://www.keyelco.com/userAssets/file/K75p48.pdf","1"
"J1","XT60 pack","power-board:AMASS_XT60PW-M_1x02_P7.20mm_Horizontal_EdgeMount","Amass XT60PW-M","https://www.china-amass.com","1"
"J2","Balance 3S","Connector_JST:JST_XH_B4B-XH-A_1x04_P2.50mm_Vertical","JST B4B-XH-A","https://www.jst-mfg.com/product/pdf/eng/eXH.pdf","1"
"J3","LOGIC OUT","Connector_JST:JST_XH_B2B-XH-A_1x02_P2.50mm_Vertical","JST B2B-XH-A","https://www.jst-mfg.com/product/pdf/eng/eXH.pdf","1"
"J4","Servo R leg","Connector_Molex:Molex_SPOX_5267-03A_1x03_P2.50mm_Vertical","Molex 22-03-5035","https://www.molex.com/en-us/products/part-detail/22035035","1"
"J5","Servo R upper","Connector_Molex:Molex_SPOX_5267-03A_1x03_P2.50mm_Vertical","Molex 22-03-5035","https://www.molex.com/en-us/products/part-detail/22035035","1"
"J6","Servo L leg","Connector_Molex:Molex_SPOX_5267-03A_1x03_P2.50mm_Vertical","Molex 22-03-5035","https://www.molex.com/en-us/products/part-detail/22035035","1"
"J7","Servo L upper","Connector_Molex:Molex_SPOX_5267-03A_1x03_P2.50mm_Vertical","Molex 22-03-5035","https://www.molex.com/en-us/products/part-detail/22035035","1"
"J8","Data from H5","Connector_Molex:Molex_SPOX_5267-03A_1x03_P2.50mm_Vertical","Molex 22-03-5035","https://www.molex.com/en-us/products/part-detail/22035035","1"
"J9","I2C (to P1)","Connector_JST:JST_PH_B4B-PH-K_1x04_P2.00mm_Vertical","JST B4B-PH-K-S","https://www.jst-mfg.com/product/pdf/eng/ePH.pdf","1"
"J10","POWER button","Connector_JST:JST_PH_B2B-PH-K_1x02_P2.00mm_Vertical","JST B2B-PH-K-S","https://www.jst-mfg.com/product/pdf/eng/ePH.pdf","1"
"J11","E-STOP button","Connector_JST:JST_PH_B4B-PH-K_1x04_P2.00mm_Vertical","JST B4B-PH-K-S","https://www.jst-mfg.com/product/pdf/eng/ePH.pdf","1"
"J12","Control (ESP32)","Connector_JST:JST_PH_B8B-PH-K_1x08_P2.00mm_Vertical","JST B8B-PH-K-S","https://www.jst-mfg.com/product/pdf/eng/ePH.pdf","1"
"Q1-Q3","CSD17556Q5B","power-board:TI_SON-8_5x6mm_P1.27mm_CSD17556Q5B","CSD17556Q5B","https://www.ti.com/lit/ds/symlink/csd17556q5b.pdf","3"
"Q4","2N7002","Package_TO_SOT_SMD:SOT-23","Vishay 2N7002K-T1-GE3","https://www.vishay.com/docs/71333/2n7002k.pdf","1"
"Q5","MMBT3904","Package_TO_SOT_SMD:SOT-23","Diodes MMBT3904-7-F","https://www.diodes.com/assets/Datasheets/MMBT3904.pdf","1"
"R1","1m","Resistor_SMD:R_2512_6332Metric","Bourns CSS2H-2512R-1L00FE","https://www.bourns.com/docs/product-datasheets/css2h-2512.pdf","1"
"R2,R7,R8,R13,R14,R25","100","Resistor_SMD:R_0603_1608Metric","Yageo RC0603FR-07100RL","https://yageogroup.com/content/datasheet/asset/file/PYU-RC_GROUP_51_ROHS_L","6"
"R3-R6","20","Resistor_SMD:R_0603_1608Metric","Yageo RC0603FR-0720RL","https://yageogroup.com/content/datasheet/asset/file/PYU-RC_GROUP_51_ROHS_L","4"
"R9-R11,R15,R16,R19,R23,R37,R39,R40","10k","Resistor_SMD:R_0603_1608Metric","Yageo RC0603FR-0710KL","https://yageogroup.com/content/datasheet/asset/file/PYU-RC_GROUP_51_ROHS_L","10"
"R12,R29,R32","1k","Resistor_SMD:R_0603_1608Metric","Yageo RC0603FR-071KL","https://yageogroup.com/content/datasheet/asset/file/PYU-RC_GROUP_51_ROHS_L","3"
"R17","5.1k","Resistor_SMD:R_0603_1608Metric","Vishay CRCW06035K10FKEA","https://www.vishay.com/docs/20035/dcrcwe3.pdf","1"
"R18,R21,R22","10M","Resistor_SMD:R_0603_1608Metric","Yageo RC0603FR-0710ML","https://yageogroup.com/content/datasheet/asset/file/PYU-RC_GROUP_51_ROHS_L","3"
"R20","4.7k","Resistor_SMD:R_0603_1608Metric","Yageo RC0603FR-074K7L","https://yageogroup.com/content/datasheet/asset/file/PYU-RC_GROUP_51_ROHS_L","1"
"R24","2m","Resistor_SMD:R_2512_6332Metric","Bourns CSS2H-2512K-2L00F","https://www.bourns.com/docs/product-datasheets/css2h-2512.pdf","1"
"R26","4.64k","Resistor_SMD:R_0603_1608Metric","Yageo RC0603FR-074K64L","https://yageogroup.com/content/datasheet/asset/file/PYU-RC_GROUP_51_ROHS_L","1"
"R27,R31,R33,R35","100k","Resistor_SMD:R_0603_1608Metric","Yageo RC0603FR-07100KL","https://yageogroup.com/content/datasheet/asset/file/PYU-RC_GROUP_51_ROHS_L","4"
"R28","10","Resistor_SMD:R_0603_1608Metric","Yageo RC0603FR-0710RL","https://yageogroup.com/content/datasheet/asset/file/PYU-RC_GROUP_51_ROHS_L","1"
"R30","560k","Resistor_SMD:R_0603_1608Metric","Yageo RC0603FR-07560KL","https://yageogroup.com/content/datasheet/asset/file/PYU-RC_GROUP_51_ROHS_L","1"
"R34","30.1k","Resistor_SMD:R_0603_1608Metric","Yageo RC0603FR-0730K1L","https://yageogroup.com/content/datasheet/asset/file/PYU-RC_GROUP_51_ROHS_L","1"
"R36","9.1k","Resistor_SMD:R_0603_1608Metric","Yageo RC0603FR-079K1L","https://yageogroup.com/content/datasheet/asset/file/PYU-RC_GROUP_51_ROHS_L","1"
"R38","47k","Resistor_SMD:R_0603_1608Metric","Yageo RC0603FR-0747KL","https://yageogroup.com/content/datasheet/asset/file/PYU-RC_GROUP_51_ROHS_L","1"
"RT1","10k NTC","Resistor_SMD:R_0603_1608Metric","Murata NCP18XH103F03RB","https://www.murata.com/-/media/webrenewal/products/thermistor/ntc/ncp/ncp18.ashx?la=ja-jp&cvid=20211118090222000000","1"
"TP1","ALERT","TestPoint:TestPoint_Pad_D1.5mm","","","1"
"TP2","PACK+","TestPoint:TestPoint_Pad_D1.5mm","","","1"
"TP3","GND","TestPoint:TestPoint_Pad_D1.5mm","","","1"
"TP4","BAT-","TestPoint:TestPoint_Pad_D1.5mm","","","1"
"TP5","SERVO+","TestPoint:TestPoint_Pad_D1.5mm","","","1"
"TP6","SDA","TestPoint:TestPoint_Pad_D1.5mm","","","1"
"TP7","SCL","TestPoint:TestPoint_Pad_D1.5mm","","","1"
"TP8","IMON","TestPoint:TestPoint_Pad_D1.5mm","","","1"
"U1","BQ76922","Package_DFN_QFN:Texas_RSN_WQFN-32-1EP_4x4mm_P0.4mm_EP2.8x2.8mm_ThermalVias","BQ76922RSNR","https://www.ti.com/lit/ds/symlink/bq76922.pdf","1"
"U2","TPS48111-Q1","power-board:TI_DGX0019A_VSSOP-19","TPS48111LQDGXRQ1","https://www.ti.com/lit/ds/symlink/tps4811-q1.pdf","1"
